{
  "category": [
    "Home & Kitchen",
    "Kitchen & Dining",
    "Dining & Entertaining",
    "Serveware",
    "Serving Dishes, Trays & Platters",
    "Platters"
  ],
  "tech1": "",
  "description": [
    "Melamine Serve ware 4 Piece Tuscan Print Platter with Rustic Styled Bowl and Fork and Spoon-Red"
  ],
  "fit": "",
  "title": "Melamine Serveware 4 Piece Tuscan Print Platter with Rustic Styled Bowl and Fork and Spoon-Red",
  "also_buy": [
    
  ],
  "image": [
    "https://images-na.ssl-images-amazon.com/images/I/51SPTKJT3dL._SS40_.jpg"
  ],
  "tech2": "",
  "brand": "Melamine Serveware",
  "feature": [
    "Melamine Serve ware 4 Piece Tuscan Print Platter with Rustic Styled Bowl and Fork and Spoon-Red"
  ],
  "rank": [
    ">#718,848 in Kitchen & Dining (See Top 100 in Kitchen & Dining)",
    ">#3,425 in Kitchen & Dining > Tabletop > Serveware > Serving Dishes, Trays & Platters > Platters",
    ">#425,038 in Home & Kitchen > Kitchen & Dining > Food Service Equipment & Supplies"
  ],
  "also_view": [
    
  ],
  "details": {
    
  },
  "main_cat": "Amazon Home",
  "similar_item": "",
  "date": "May 31, 2014",
  "price": "$29.99",
  "asin": "B00KOTOU2G"
}
