{
  "category": [
    "Clothing, Shoes & Jewelry",
    "Men",
    "Shoes",
    "Fashion Sneakers",
    "Suede",
    "Puma",
    "Puma Drift Cat 4 Suede Mens sneakers / Shoes - Taupe",
    "Taupe",
    "Leather",
    "Money back satisfaction guarantee"
  ],
  "tech1": "",
  "description": [
    "NEW PUMA DRIFT CAT 4 SUEDE MENS TRAINERS / SHOES A must for all fans of Motorsport Eco OrthoLite insole: Breathable, antimicrobial and cushioning EVA midsole for extra cushioning and comfort Leather Suede upper The sole sports a design of racing tires"
  ],
  "fit": "",
  "title": "PUMA Drift Cat 4 Suede Mens sneakers/Shoes - Taupe",
  "also_buy": [
    
  ],
  "image": [
    "https://images-na.ssl-images-amazon.com/images/I/41MDClGW5kL._US40_.jpg",
    "https://images-na.ssl-images-amazon.com/images/I/51qnSiVWRxL._US40_.jpg",
    "https://images-na.ssl-images-amazon.com/images/I/41wbEHvltaL._US40_.jpg",
    "https://images-na.ssl-images-amazon.com/images/I/3136zVOCstL._US40_.jpg",
    "https://images-na.ssl-images-amazon.com/images/I/31rMNzFiuIL._US40_.jpg",
    "https://images-na.ssl-images-amazon.com/images/I/41Zu%2BFF97cL._US40_.jpg"
  ],
  "tech2": "",
  "brand": "",
  "feature": [
    "Suede",
    "Puma",
    "Puma Drift Cat 4 Suede Mens sneakers / Shoes - Taupe",
    "Taupe",
    "Leather",
    "Money back satisfaction guarantee",
    "<span class=\"a-text-bold\">Package Dimensions:\n                    </span>\n                    <span>12 x 7.2 x 4.4 inches</span>",
    "<span class=\"a-text-bold\">Shipping Weight:\n                    </span>\n                    <span>1.41 pounds</span>",
    "<span class=\"a-text-bold\">ASIN:\n                    </span>\n                    <span>B006OVHE7G</span>",
    "",
    "<span class=\"a-text-bold\">Item model number:\n                    </span>\n                    <span>304092010200</span>",
    "<span class=\"a-text-bold\">Date first listed on Amazon:\n                    </span>\n                    <span>August 15, 2014</span>",
    "<span class=\"a-text-bold\">\n                    Average Customer Review:\n                </span>\n                \n\n\n\n\n<style type=\"text/css\">\n    /* \n    * Fix for UDP-1061. Average customer reviews has a small extra line on hover \n    * https://omni-grok.amazon.com/xref/src/appgroup/websiteTemplates/retail/SoftlinesDetailPageAssets/udp-intl-lock/src/legacy.css?indexName=WebsiteTemplates#40\n    */\n    .noUnderline a:hover { \n        text-decoration: none; \n    }\n</style>\n\n\n\n    \n    \n    \n    \n        \n\n        \n\n        \n        \n        \n        \n\t\t\n\t\t\n\t\t\n\t\t\n\t\t        \n\t\t\n\t\t\n\t\t\n\t\t\n\t\t\n\t\t\n\t\t\n\t\t        \n        \n\n        <div id=\"detailBullets_averageCustomerReviews\" class=\"a-spacing-none\" data-asin=\"B006OVHE7G\" data-ref=\"dpx_acr_pop_\" >\n            \n            \n            \n                \n                \n                    \n\n\n\n\n\n\n\n\n\n\n        <span class=\"a-declarative\" data-action=\"acrStarsLink-click-metrics\" data-acrStarsLink-click-metrics=\"{}\">\n            \n\n\n\n\n\n    <span id=\"acrPopover\" class=\"reviewCountTextLinkedHistogram noUnderline\" title=\"5.0 out of 5 stars\">\n        <span class=\"a-declarative\" data-action=\"a-popover\" data-a-popover=\"{&quot;max-width&quot;:&quot;700&quot;,&quot;closeButton&quot;:&quot;false&quot;,&quot;position&quot;:&quot;triggerBottom&quot;,&quot;url&quot;:&quot;/gp/customer-reviews/widgets/average-customer-review/popover/ref=dpx_acr_pop_?contextId=dpx&amp;asin=B006OVHE7G&quot;}\">\n            <a href=\"javascript:void(0)\" class=\"a-popover-trigger a-declarative\">\n                \n\n<i class=\"a-icon a-icon-star a-star-5\"><span class=\"a-icon-alt\">5.0 out of 5 stars</span></i>\n                \n            <i class=\"a-icon a-icon-popover\"></i></a>\n        </span>\n        <span class=\"a-letter-space\"></span>\n    </span>\n\n\n        </span>\n        <span class=\"a-letter-space\"></span>\n        \n        \n\n        \n\n        \n\n        \n        \n        \n        \n        \n        \n        \n            \n            \n                <span class=\"a-declarative\" data-action=\"acrLink-click-metrics\" data-acrLink-click-metrics=\"{}\">\n                    <a id=\"acrCustomerReviewLink\" class=\"a-link-normal\" href=\"#customerReviews\">\n                        <span id=\"acrCustomerReviewText\" class=\"a-size-base\">1 customer review</span>\n                    </a>\n                </span>\n            \n                <script type=\"text/javascript\">\n                    P.when('A', 'ready').execute(function(A) {\n                        A.declarative('acrLink-click-metrics', 'click', { \"allowLinkDefault\" : true }, function(event){\n                            if(window.ue) {\n                                ue.count(\"acrLinkClickCount\", (ue.count(\"acrLinkClickCount\") || 0) + 1);\n                            }\n                        });\n                    });\n                </script>\n            \n            \n            \n            \n        \n        \n        <script type=\"text/javascript\">\n            P.when('A', 'cf').execute(function(A) {\n                A.declarative('acrStarsLink-click-metrics', 'click', { \"allowLinkDefault\" : true },  function(event){\n                    if(window.ue) {\n                        ue.count(\"acrStarsLinkWithPopoverClickCount\", (ue.count(\"acrStarsLinkWithPopoverClickCount\") || 0) + 1);\n                    }\n                });\n            });\n        </script>\n\n\n                \n            \n        </div>"
  ],
  "rank": "19,686,335 in Clothing, Shoes & Jewelry (",
  "also_view": [
    
  ],
  "details": {
    
  },
  "main_cat": "<img src=\"https://images-na.ssl-images-amazon.com/images/G/01/nav2/images/gui/amazon-fashion-store-new._CB520838675_.png\" class=\"nav-categ-image\" alt=\"AMAZON FASHION\"/>",
  "similar_item": "",
  "date": "<div class=\"a-fixed-left-grid a-spacing-none\"><div class=\"a-fixed-left-grid-inner\" style=\"padding-left:280px\"><div class=\"a-fixed-left-grid-col a-col-left\" style=\"width:280px;margin-left:-280px;float:left;\"><span class=\"a-declarative\" data-action=\"reviews:filter-action:push-state\" data-reviews:filter-action:push-state=\"{&quot;scrollToSelector&quot;:&quot;#reviews-filter-info&quot;,&quot;allowLinkDefault&quot;:&quot;1&quot;}\"><table id=\"histogramTable\" class=\"a-normal a-align-middle a-spacing-base\" role=\"presentation\"><tr data-reftag=\"cm_cr_dp_d_hist_5\" data-reviews-state-param=\"{&quot;filterByStar&quot;:&quot;five_star&quot;,&quot;pageNumber&quot;:&quot;1&quot;}\" class=\"a-histogram-row\"><td class=\"aok-nowrap\"><a aria-label=\"5 star (100%)\" class=\"a-size-base a-link-normal 5star\" title=\"5 star\" href=\"/PUMA-Drift-Suede-sneakers-Shoes/product-reviews/B006OVHE7G/ref=cm_cr_dp_d_hist_5?ie=UTF8&amp;filterByStar=five_star&amp;reviewerType=all_reviews#reviews-filter-bar\">5 star</a><span class=\"a-letter-space\"></span>",
  "price": "",
  "asin": "B006OVHE7G"
}
