{
  "category": [
    "Automotive",
    "Tools & Equipment",
    "Jump Starters, Battery Chargers & Portable Power",
    "Power Inverters"
  ],
  "tech1": " class=\"a-keyvalue prodDetTable\" role=\"presentation\">\n         \n           \n           \n           \n           <tr>\n            \n            \n              \n              \n               \n                <th class=\"a-color-secondary a-size-base prodDetSectionEntry\">\n                  Brand\n                </th>\n                \n              \n            \n            \n           \n            <td class=\"a-size-base\">\n              Go Power!\n            </td>\n            \n           </tr>\n           \n           \n           \n           <tr>\n            \n            \n              \n              \n               \n                <th class=\"a-color-secondary a-size-base prodDetSectionEntry\">\n                  Item Weight\n                </th>\n                \n              \n            \n            \n           \n            <td class=\"a-size-base\">\n              19 pounds\n            </td>\n            \n           </tr>\n           \n           \n           \n           <tr>\n            \n            \n              \n              \n               \n                <th class=\"a-color-secondary a-size-base prodDetSectionEntry\">\n                  Product Dimensions\n                </th>\n                \n              \n            \n            \n           \n            <td class=\"a-size-base\">\n              16.6 x 8.2 x 6.5 inches\n            </td>\n            \n           </tr>\n           \n           \n           \n           <tr>\n            \n            \n              \n              \n               \n                <th class=\"a-color-secondary a-size-base prodDetSectionEntry\">\n                  Item model number\n                </th>\n                \n              \n            \n            \n           \n            <td class=\"a-size-base\">\n              GP-SW2000-12\n            </td>\n            \n           </tr>\n           \n           \n           \n           <tr>\n            \n            \n              \n              \n               \n                <th class=\"a-color-secondary a-size-base prodDetSectionEntry\">\n                  Manufacturer Part Number\n                </th>\n                \n              \n            \n            \n           \n            <td class=\"a-size-base\">\n              GP-SW2000-12\n            </td>\n            \n           </tr>\n           \n           \n           \n           <tr>\n            \n            \n              \n                \n                <th class=\"a-color-secondary a-size-base prodDetSectionEntry\">\n                  \n                    \n                     \n                      <span class=\"a-declarative\" data-action=\"a-popover\" data-a-popover=\"{&quot;cache&quot;:&quot;true&quot;,&quot;closeButton&quot;:&quot;true&quot;,&quot;name&quot;:&quot;Folding&quot;,&quot;width&quot;:&quot;280&quot;,&quot;header&quot;:&quot;Folding&quot;,&quot;position&quot;:&quot;triggerRight&quot;,&quot;scrollable&quot;:&quot;false&quot;,&quot;url&quot;:&quot;/gp/jewelry/technical-specs-help/?ie=UTF8&amp;hideLogo=1&amp;page_ident=1000627441&quot;}\">\n                        <a class=\"a-link-normal\" target=\"_blank\" rel=\"noopener\" href=\"/gp/jewelry/technical-specs-help/?ie=UTF8&hideLogo=1&page_ident=1000627441\">\n                          Folding\n                        </a>\n                      </span>\n                    \n                    \n                  \n                </th>\n              \n              \n            \n            \n           \n            <td class=\"a-size-base\">\n              No\n            </td>\n            \n           </tr>\n           \n           \n           \n           <tr>\n            \n            \n              \n                \n                <th class=\"a-color-secondary a-size-base prodDetSectionEntry\">\n                  \n                    \n                     \n                      <span class=\"a-declarative\" data-action=\"a-popover\" data-a-popover=\"{&quot;cache&quot;:&quot;true&quot;,&quot;closeButton&quot;:&quot;true&quot;,&quot;name&quot;:&quot;Bulb Type&quot;,&quot;width&quot;:&quot;280&quot;,&quot;header&quot;:&quot;Bulb Type&quot;,&quot;position&quot;:&quot;triggerRight&quot;,&quot;scrollable&quot;:&quot;false&quot;,&quot;url&quot;:&quot;/gp/jewelry/technical-specs-help/?ie=UTF8&amp;hideLogo=1&amp;page_ident=1000627491&quot;}\">\n                        <a class=\"a-link-normal\" target=\"_blank\" rel=\"noopener\" href=\"/gp/jewelry/technical-specs-help/?ie=UTF8&hideLogo=1&page_ident=1000627491\">\n                          Bulb Type\n                        </a>\n                      </span>\n                    \n                    \n                  \n                </th>\n              \n              \n            \n            \n           \n            <td class=\"a-size-base\">\n              LED\n            </td>\n            \n           </tr>\n           \n           \n          \n        ",
  "description": [
    "Go Power! 2000-Watt Pure Sine Wave Inverter takes 12 volt DC battery power and converts it to an exact replica of AC houshold power. It is guarenteed to run any load within their wattage rangeand has a 2 year warranty. This inverter has two GFCI outlets and can use the GP-DC-KIT4 to connect to the batteries with ease. As long as the load is not greater then 2000 watt this inverter will run it and the GP-SW2000-12 can surge to 4000 watt as well as contains all instructions required."
  ],
  "fit": "",
  "title": "Go Power! GP-SW2000-12 2000-Watt Pure Sine Wave Inverter",
  "also_buy": [
    
  ],
  "image": [
    "https://images-na.ssl-images-amazon.com/images/I/51X0bACLZzL._SS40_.jpg",
    "https://images-na.ssl-images-amazon.com/images/I/412hjGu77mL._SS40_.jpg"
  ],
  "tech2": "",
  "brand": "Go Power!",
  "feature": [
    "2000 watt continuous pure sine wave inverter 12 volt input",
    "4000 watt surge",
    "2 GFCI protected outlets and hardwire port",
    "Over voltage, under voltage and overload protections",
    "2 Year warranty"
  ],
  "rank": [
    ">#747,184 in Automotive (See top 100)",
    ">#1,341 in Automotive > RV Parts & Accessories > Power & Electrical > Power Inverters",
    ">#5,291 in Automotive > Tools & Equipment > Jump Starters, Battery Chargers & Portable Power"
  ],
  "also_view": [
    "B01E3V673A",
    "B01LX7FLD6",
    "B0015353XU",
    "B002EA22YQ",
    "B07D1LRKY5",
    "B07CTGJ46T",
    "B000NHS9R6",
    "B01E3V66QS",
    "B002LGEMOQ",
    "B077YD1YM6",
    "B002AMPGE6",
    "B07CKBJ9KP",
    "B00W2PTMR8",
    "B0015398OU",
    "B01LZHEZW7",
    "B0131PZ9J2",
    "B00AYH69UE",
    "B00I36K1VQ",
    "B000C73A3K",
    "B00JBND8VK",
    "B001539BCE",
    "B002MW6PHG",
    "B006VELG7A",
    "B0131NFWX2",
    "B002MWAATK",
    "B009IRX0US",
    "B002I04A74",
    "B007KDDSXQ",
    "B00IQHT1M2",
    "B06XPTC4Y9",
    "B079XDZN19",
    "B06XPRJ1HB",
    "B003TU6MDM",
    "B01COA0UTE",
    "B000R2DT2M",
    "B00S9S8NA4",
    "B06WLMX1H2",
    "B003YJIIJO",
    "B079B2W9JN",
    "B00153CXHE",
    "B00HHNCQ00",
    "B076KP71SJ",
    "B077J2RRBX",
    "B012U2Y4IO",
    "B072Q9235Q",
    "B000NIG2FG",
    "B000OP2Q8A",
    "B01MUCN1WJ",
    "B012U2YAWY",
    "B00TI1D5JK",
    "B077HWP6RW",
    "B00W2QUYGK",
    "B01K4CFCJ2",
    "B07BXWLH6W",
    "B01M5L0A5L",
    "B00G6LROW4"
  ],
  "details": {
    
  },
  "main_cat": "Automotive",
  "similar_item": " class=\"a-bordered a-horizontal-stripes  a-spacing-extra-large a-size-base comparison_table\">\n\n\n\n            \n            \n            \n            \n            \n            <tr class=\"comparison_table_image_row\">\n                <td class=\"comparison_table_first_col\"></td>\n\n\n                <th class=\"comparison_image_title_cell\" role=\"columnheader\">\n                    <div class=\"a-row a-spacing-top-micro\">\n                        <center>\n                             <img alt=\"Go Power! GP-SW2000-12 2000-Watt Pure Sine Wave Inverter\" src=\"https://images-na.ssl-images-amazon.com/images/I/51FIA32McBL._SL500_AC_SS350_.jpg\" id=\"comparison_image\">\n                        </center>\n                    </div>\n                    <div class=\"a-row a-spacing-top-small\">\n                        <div id=\"comparison_title\" class=\"a-section a-spacing-none\">\n                            <span aria-hidden=\"true\" class=\"a-size-base a-color-base a-text-bold\">\n                                This item\n                            </span>\n                            <span aria-hidden=\"true\" class=\"a-size-base a-color-base\">Go Power! GP-SW2000-12 2000-Watt Pure Sine Wave Inverter</span>\n                        </div>\n                        \n                        \n                    </div>\n                </th>\n\n\n                \n                    <th class=\"comparison_image_title_cell comparable_item0\" role=\"columnheader\">\n                        <a class=\"a-link-normal\" target=\"_self\" rel=\"noopener\" href=\"/dp/B01E3V673A/ref=psdc_2230642011_t1_B00153CUVS\">\n                          <div class=\"a-row a-spacing-top-micro\">\n                            <center>\n                                <img alt=\"\" src=\"https://images-na.ssl-images-amazon.com/images/I/51KkL0F0MYL._SL500_AC_SS350_.jpg\" aria-hidden=\"true\" id=\"comparison_image0\">\n                            </center>\n                          </div>\n                          <div id=\"comparison_title0\" class=\"a-row a-spacing-top-small\">\n                            <span class=\"a-size-base\">AIMS Power PWRI300012120S Pure Sine Inverter, 3000 Watt Continuous Power, 6000 Watt Surge Peak Power, 12 Volt DC Input, Pure Sine Wave, GFCI Outlet, AC Direct Connect Terminal Block</span>\n                          </div>\n                        </a>\n                        \n                        \n                    </th>\n                \n                    <th class=\"comparison_image_title_cell comparable_item1\" role=\"columnheader\">\n                        <a class=\"a-link-normal\" target=\"_self\" rel=\"noopener\" href=\"/dp/B002EA22YQ/ref=psdc_2230642011_t2_B00153CUVS\">\n                          <div class=\"a-row a-spacing-top-micro\">\n                            <center>\n                                <img alt=\"\" src=\"https://images-na.ssl-images-amazon.com/images/I/51U1QbiFByL._SL500_AC_SS350_.jpg\" aria-hidden=\"true\" id=\"comparison_image1\">\n                            </center>\n                          </div>\n                          <div id=\"comparison_title1\" class=\"a-row a-spacing-top-small\">\n                            <span class=\"a-size-base\">Power Bright PW6000-12 Power Inverter 6000 Watt 12 Volt DC To 110 Volt AC</span>\n                          </div>\n                        </a>\n                        \n                        \n                    </th>\n                \n                    <th class=\"comparison_image_title_cell comparable_item2\" role=\"columnheader\">\n                        <a class=\"a-link-normal\" target=\"_self\" rel=\"noopener\" href=\"/dp/B07D1LRKY5/ref=psdc_2230642011_t3_B00153CUVS\">\n                          <div class=\"a-row a-spacing-top-micro\">\n                            <center>\n                                <img alt=\"\" src=\"https://images-na.ssl-images-amazon.com/images/I/51TzQDsJfjL._SL500_AC_SS350_.jpg\" aria-hidden=\"true\" id=\"comparison_image2\">\n                            </center>\n                          </div>\n                          <div id=\"comparison_title2\" class=\"a-row a-spacing-top-small\">\n                            <span class=\"a-size-base\">GIANDEL 4000W Heavy Duty Pure Sine Wave Power Inverter DC24V to AC120V with 4 AC Outlets with Remote Control 2.4A USB and LED Display</span>\n                          </div>\n                        </a>\n                        \n                        \n                    </th>\n                \n                    <th class=\"comparison_image_title_cell comparable_item3\" role=\"columnheader\">\n                        <a class=\"a-link-normal\" target=\"_self\" rel=\"noopener\" href=\"/dp/B077YD1YM6/ref=psdc_2230642011_t4_B00153CUVS\">\n                          <div class=\"a-row a-spacing-top-micro\">\n                            <center>\n                                <img alt=\"\" src=\"https://images-na.ssl-images-amazon.com/images/I/41Dt10eT5cL._SL500_AC_SS350_.jpg\" aria-hidden=\"true\" id=\"comparison_image3\">\n                            </center>\n                          </div>\n                          <div id=\"comparison_title3\" class=\"a-row a-spacing-top-small\">\n                            <span class=\"a-size-base\">AIMS Power PWRI100012120S-REMOTE 1000-Watt 12V Pure Sine Wave Power Inverter with Remote Switch, 1000W Continuous Power, 2000W Surge Peak Power, USB Port, Dual AC Receptacles, On/off Switch</span>\n                          </div>\n                        </a>\n                        \n                        \n                    </th>\n                \n                    <th class=\"comparison_image_title_cell comparable_item4\" role=\"columnheader\">\n                        <a class=\"a-link-normal\" target=\"_self\" rel=\"noopener\" href=\"/dp/B001539BCE/ref=psdc_2230642011_t5_B00153CUVS\">\n                          <div class=\"a-row a-spacing-top-micro\">\n                            <center>\n                                <img alt=\"\" src=\"https://images-na.ssl-images-amazon.com/images/I/51w-yMMem1L._SL500_AC_SS350_.jpg\" aria-hidden=\"true\" id=\"comparison_image4\">\n                            </center>\n                          </div>\n                          <div id=\"comparison_title4\" class=\"a-row a-spacing-top-small\">\n                            <span class=\"a-size-base\">Go Power! GP-SW300-12 300-Watt Pure Sine Wave Inverter</span>\n                          </div>\n                        </a>\n                        \n                        \n                    </th>\n                \n            </tr>\n\n\n            <tr></tr>\n\n\n            \n            \n            <tr>\n                <td class=\"comparison_table_first_col\"></td>\n\n\n                <td class=\"comparison_add_to_cart_button\">\n                    \n                        \n                        \n                        \n                            <span id=\"comparison_add_to_cart_button\" class=\"a-button a-spacing-small a-button-primary\"><span class=\"a-button-inner\"><a id=\"comparison_add_to_cart_button-announce\" href=\"/gp/item-dispatch/ref=psdc_2230642011_a0_B00153CUVS?ie=UTF8&amp;itemCount=1&amp;nodeID=15684181&amp;offeringID.1=KuJpMqKm8XkZoHjbpT%252FVlxW8HUq1GLgITJ5aBPNnhxJ1lBpA0ictIvBxd9Z%252F8xvY7ov2FKI5detJBep7xRWo856mE2aBW6B0EAdjiyuJq5yccWyTZH3Cdg%252Bp%252FCJnHWMP8KPQMEzFmI%252BVkRQboc028WsHA97pTWhb&amp;storeID=automotive&amp;session-id=145-3592474-6581353&amp;submit.addToCart=addToCart&amp;signInToHUC=0\" class=\"a-button-text\" role=\"button\">Add to Cart</a></span></span>\n                        \n                    \n                </td>\n\n\n                \n                    <td class=\"a-text-left comparison_add_to_cart_button comparable_item0\">\n                        \n                            \n                            \n                                <span id=\"comparison_add_to_cart_button0\" class=\"a-button a-spacing-small a-button-primary\"><span class=\"a-button-inner\"><a id=\"comparison_add_to_cart_button0-announce\" href=\"/gp/item-dispatch/ref=psdc_2230642011_a1_B00153CUVS?ie=UTF8&amp;itemCount=1&amp;nodeID=15684181&amp;offeringID.1=nkosZlBF4e8uD9VfR8iB4oj1QX2JPzIDY7o3sIIGa%252BileNGY6gNSEPZx1ljg%252BsHb66IbczIlVJ%252FzuPsJIqO8nD%252BEqxAR6POnFfxNs0EPhikahRUM1a%252BDOw%253D%253D&amp;storeID=automotive&amp;session-id=145-3592474-6581353&amp;submit.addToCart=addToCart&amp;signInToHUC=0\" class=\"a-button-text\" role=\"button\">Add to Cart</a></span></span>\n                            \n                        \n                    </td>\n                \n                    <td class=\"a-text-left comparison_add_to_cart_button comparable_item1\">\n                        \n                            \n                            \n                                <span id=\"comparison_add_to_cart_button1\" class=\"a-button a-spacing-small a-button-primary\"><span class=\"a-button-inner\"><a id=\"comparison_add_to_cart_button1-announce\" href=\"/gp/item-dispatch/ref=psdc_2230642011_a2_B00153CUVS?ie=UTF8&amp;itemCount=1&amp;nodeID=1077068&amp;offeringID.1=oqlgCZo0N1Wq3ObiKugLwq9Z8nFj1q%252BbKfHVc2hYch8Fjs1TUkIyyXZNbCRlTxEQ%252BL3BxBNtNtezWfnRxs2Ohk1NXt53C8cYK9rElQ5iLVlUAEKp%252BsmA6A%253D%253D&amp;storeID=car&amp;session-id=145-3592474-6581353&amp;submit.addToCart=addToCart&amp;signInToHUC=0\" class=\"a-button-text\" role=\"button\">Add to Cart</a></span></span>\n                            \n                        \n                    </td>\n                \n                    <td class=\"a-text-left comparison_add_to_cart_button comparable_item2\">\n                        \n                            \n                            \n                                <span id=\"comparison_add_to_cart_button2\" class=\"a-button a-spacing-small a-button-primary\"><span class=\"a-button-inner\"><a id=\"comparison_add_to_cart_button2-announce\" href=\"/gp/item-dispatch/ref=psdc_2230642011_a3_B00153CUVS?ie=UTF8&amp;itemCount=1&amp;nodeID=15684181&amp;offeringID.1=oqlgCZo0N1Wd53r3dicP32Hpf6elgJstdgO3QII186ihc5G3en13sugnntRBwGqLfHYH0vjeK5cs6VNd6GMO%252BNVcTpXAH69J2wjMi23nDdvaisildUsN8TygbdeTASfFr9qgUL%252FL1MJTpM47mjZ%252BWQrLOc45TDNK&amp;storeID=automotive&amp;session-id=145-3592474-6581353&amp;submit.addToCart=addToCart&amp;signInToHUC=0\" class=\"a-button-text\" role=\"button\">Add to Cart</a></span></span>\n                            \n                        \n                    </td>\n                \n                    <td class=\"a-text-left comparison_add_to_cart_button comparable_item3\">\n                        \n                            \n                            \n                                <span id=\"comparison_add_to_cart_button3\" class=\"a-button a-spacing-small a-button-primary\"><span class=\"a-button-inner\"><a id=\"comparison_add_to_cart_button3-announce\" href=\"/gp/item-dispatch/ref=psdc_2230642011_a4_B00153CUVS?ie=UTF8&amp;itemCount=1&amp;nodeID=15684181&amp;offeringID.1=uxc%252FkG3SlZRZeDfNOtYLHqCE%252BSI%252FxC9GZ%252BcOUXm7uHS1iyNH%252FPmn4wH6RwOpC7yF3BxmUfhI3maZdtoMZnYMZb0beo1hszEdgChNpLZZc3TBn7uYC4ljE7w%252FNWPhd9MuT8UMeFKamXB0zzGps4ePIXFkqHHMj%252BiZ&amp;storeID=automotive&amp;session-id=145-3592474-6581353&amp;submit.addToCart=addToCart&amp;signInToHUC=0\" class=\"a-button-text\" role=\"button\">Add to Cart</a></span></span>\n                            \n                        \n                    </td>\n                \n                    <td class=\"a-text-left comparison_add_to_cart_button comparable_item4\">\n                        \n                            \n                            \n                                <span id=\"comparison_add_to_cart_button4\" class=\"a-button a-spacing-small a-button-primary\"><span class=\"a-button-inner\"><a id=\"comparison_add_to_cart_button4-announce\" href=\"/gp/item-dispatch/ref=psdc_2230642011_a5_B00153CUVS?ie=UTF8&amp;itemCount=1&amp;nodeID=15684181&amp;offeringID.1=OXj0nQVBTDd1%252B55k7V5bfZ%252BKEF1wjADTf144xMYgEh4vr5kmT4dpeYpAmDijMU9tV9h7plrZ%252FM0ZAizlA2XnVM1hgUo7koGXBtlF8Br0KG64i8ADMVrGFg%253D%253D&amp;storeID=automotive&amp;session-id=145-3592474-6581353&amp;submit.addToCart=addToCart&amp;signInToHUC=0\" class=\"a-button-text\" role=\"button\">Add to Cart</a></span></span>\n                            \n                        \n                    </td>\n                \n            </tr>\n\n\n            <tr id=\"comparison_custormer_rating_row\">\n                \n                \n                \n                \n\n                <th class=\"comparison_attribute_name_column comparison_table_first_col\" role=\"rowheader\">\n                    <span class=\"a-size-base a-color-base\">Customer Rating</span>\n                </th>\n\n\n                <td class=\"comparison_baseitem_column\">\n                    \n                    \n                    \n                    <span>\n                        <span class=\"a-declarative\" data-action=\"a-popover\" data-a-popover=\"{&quot;max-width&quot;:&quot;700&quot;,&quot;closeButton&quot;:&quot;false&quot;,&quot;position&quot;:&quot;triggerBottom&quot;,&quot;url&quot;:&quot; /gp/customer-reviews/widgets/average-customer-review/popover/ref=acr_dpComparsion__popover?contextId=dpComparsion&amp;asin=B00153CUVS &quot;,&quot;restoreFocusOnHide&quot;:&quot;false&quot;}\">\n                            <i class=\"a-icon a-icon-star a-star-4 a-spacing-none\"><span class=\"a-icon-alt\">4 out of 5 stars</span></i>\n                        </span>\n                        <a class=\"a-link-normal\" target=\"_self\" rel=\"noopener\" href=\"/product-reviews/B00153CUVS/ref=psdc_2230642011_r0_B00153CUVS?_encoding=UTF8&amp;showViewpoints=1\">(12)</a>\n                        <span class=\"a-letter-space\"></span>\n                    </span>\n                </td>\n\n\n                \n                    <td class=\"comparison_sim_items_column comparable_item0\">\n                        \n                        \n                        \n                        <span>\n                            <span class=\"a-declarative\" data-action=\"a-popover\" data-a-popover=\"{&quot;max-width&quot;:&quot;700&quot;,&quot;closeButton&quot;:&quot;false&quot;,&quot;position&quot;:&quot;triggerBottom&quot;,&quot;url&quot;:&quot; /gp/customer-reviews/widgets/average-customer-review/popover/ref=acr_dpComparsion__popover?contextId=dpComparsion&amp;asin=B01E3V673A &quot;,&quot;restoreFocusOnHide&quot;:&quot;false&quot;}\">\n                                <i class=\"a-icon a-icon-star a-star-4 a-spacing-none\"><span class=\"a-icon-alt\">4 out of 5 stars</span></i>\n                            </span>\n                            <a class=\"a-link-normal\" target=\"_self\" rel=\"noopener\" href=\"/product-reviews/B01E3V673A/ref=psdc_2230642011_r1_B00153CUVS?_encoding=UTF8&amp;showViewpoints=1\">(111)</a>\n                            <span class=\"a-letter-space\"></span>\n                        </span>\n                    </td>\n                \n                    <td class=\"comparison_sim_items_column comparable_item1\">\n                        \n                        \n                        \n                        <span>\n                            <span class=\"a-declarative\" data-action=\"a-popover\" data-a-popover=\"{&quot;max-width&quot;:&quot;700&quot;,&quot;closeButton&quot;:&quot;false&quot;,&quot;position&quot;:&quot;triggerBottom&quot;,&quot;url&quot;:&quot; /gp/customer-reviews/widgets/average-customer-review/popover/ref=acr_dpComparsion__popover?contextId=dpComparsion&amp;asin=B002EA22YQ &quot;,&quot;restoreFocusOnHide&quot;:&quot;false&quot;}\">\n                                <i class=\"a-icon a-icon-star a-star-4 a-spacing-none\"><span class=\"a-icon-alt\">4 out of 5 stars</span></i>\n                            </span>\n                            <a class=\"a-link-normal\" target=\"_self\" rel=\"noopener\" href=\"/product-reviews/B002EA22YQ/ref=psdc_2230642011_r2_B00153CUVS?_encoding=UTF8&amp;showViewpoints=1\">(379)</a>\n                            <span class=\"a-letter-space\"></span>\n                        </span>\n                    </td>\n                \n                    <td class=\"comparison_sim_items_column comparable_item2\">\n                        \n                        \n                        \n                        <span>\n                            <span class=\"a-declarative\" data-action=\"a-popover\" data-a-popover=\"{&quot;max-width&quot;:&quot;700&quot;,&quot;closeButton&quot;:&quot;false&quot;,&quot;position&quot;:&quot;triggerBottom&quot;,&quot;url&quot;:&quot; /gp/customer-reviews/widgets/average-customer-review/popover/ref=acr_dpComparsion__popover?contextId=dpComparsion&amp;asin=B07D1LRKY5 &quot;,&quot;restoreFocusOnHide&quot;:&quot;false&quot;}\">\n                                <i class=\"a-icon a-icon-star a-star-4 a-spacing-none\"><span class=\"a-icon-alt\">4 out of 5 stars</span></i>\n                            </span>\n                            <a class=\"a-link-normal\" target=\"_self\" rel=\"noopener\" href=\"/product-reviews/B07D1LRKY5/ref=psdc_2230642011_r3_B00153CUVS?_encoding=UTF8&amp;showViewpoints=1\">(24)</a>\n                            <span class=\"a-letter-space\"></span>\n                        </span>\n                    </td>\n                \n                    <td class=\"comparison_sim_items_column comparable_item3\">\n                        \n                        \n                        \n                        <span>\n                            <span class=\"a-declarative\" data-action=\"a-popover\" data-a-popover=\"{&quot;max-width&quot;:&quot;700&quot;,&quot;closeButton&quot;:&quot;false&quot;,&quot;position&quot;:&quot;triggerBottom&quot;,&quot;url&quot;:&quot; /gp/customer-reviews/widgets/average-customer-review/popover/ref=acr_dpComparsion__popover?contextId=dpComparsion&amp;asin=B077YD1YM6 &quot;,&quot;restoreFocusOnHide&quot;:&quot;false&quot;}\">\n                                <i class=\"a-icon a-icon-star a-star-4 a-spacing-none\"><span class=\"a-icon-alt\">4 out of 5 stars</span></i>\n                            </span>\n                            <a class=\"a-link-normal\" target=\"_self\" rel=\"noopener\" href=\"/product-reviews/B077YD1YM6/ref=psdc_2230642011_r4_B00153CUVS?_encoding=UTF8&amp;showViewpoints=1\">(3)</a>\n                            <span class=\"a-letter-space\"></span>\n                        </span>\n                    </td>\n                \n                    <td class=\"comparison_sim_items_column comparable_item4\">\n                        \n                        \n                        \n                        <span>\n                            <span class=\"a-declarative\" data-action=\"a-popover\" data-a-popover=\"{&quot;max-width&quot;:&quot;700&quot;,&quot;closeButton&quot;:&quot;false&quot;,&quot;position&quot;:&quot;triggerBottom&quot;,&quot;url&quot;:&quot; /gp/customer-reviews/widgets/average-customer-review/popover/ref=acr_dpComparsion__popover?contextId=dpComparsion&amp;asin=B001539BCE &quot;,&quot;restoreFocusOnHide&quot;:&quot;false&quot;}\">\n                                <i class=\"a-icon a-icon-star a-star-4 a-spacing-none\"><span class=\"a-icon-alt\">4 out of 5 stars</span></i>\n                            </span>\n                            <a class=\"a-link-normal\" target=\"_self\" rel=\"noopener\" href=\"/product-reviews/B001539BCE/ref=psdc_2230642011_r5_B00153CUVS?_encoding=UTF8&amp;showViewpoints=1\">(75)</a>\n                            <span class=\"a-letter-space\"></span>\n                        </span>\n                    </td>\n                \n            </tr>\n\n\n            <tr id=\"comparison_price_row\">\n                <th class=\"comparison_attribute_name_column comparison_table_first_col\" role=\"rowheader\">\n                    <span class=\"a-size-base a-color-base\">Price</span>\n                </th>\n\n\n                <td class=\"comparison_baseitem_column\">\n                    \n                        \n                        \n                        \n                        \n                            \n                                \n                                    <span class=\"a-price\" data-a-size=\"l\" data-a-color=\"base\"><span class=\"a-offscreen\">$849.95</span><span aria-hidden=\"true\"><span class=\"a-price-symbol\">$</span><span class=\"a-price-whole\">849<span class=\"a-price-decimal\">\u0000</span></span><span class=\"a-price-fraction\">95</span></span></span>\n                                \n                                \n                            \n                        \n                    \n                </td>\n\n\n                \n                    <td class=\"comparison_sim_items_column comparable_item0\">\n                    \n                        \n                        \n                        \n                            \n                                \n                                    <span class=\"a-price\" data-a-size=\"l\" data-a-color=\"base\"><span class=\"a-offscreen\">$412.05</span><span aria-hidden=\"true\"><span class=\"a-price-symbol\">$</span><span class=\"a-price-whole\">412<span class=\"a-price-decimal\">\u0000</span></span><span class=\"a-price-fraction\">05</span></span></span>\n                                \n                                \n                            \n                        \n                    \n                    </td>\n                \n                    <td class=\"comparison_sim_items_column comparable_item1\">\n                    \n                        \n                        \n                        \n                            \n                                \n                                    <span class=\"a-price\" data-a-size=\"l\" data-a-color=\"base\"><span class=\"a-offscreen\">$464.71</span><span aria-hidden=\"true\"><span class=\"a-price-symbol\">$</span><span class=\"a-price-whole\">464<span class=\"a-price-decimal\">\u0000</span></span><span class=\"a-price-fraction\">71</span></span></span>\n                                \n                                \n                            \n                        \n                    \n                    </td>\n                \n                    <td class=\"comparison_sim_items_column comparable_item2\">\n                    \n                        \n                        \n                        \n                            \n                                \n                                    <span class=\"a-price\" data-a-size=\"l\" data-a-color=\"base\"><span class=\"a-offscreen\">$559.00</span><span aria-hidden=\"true\"><span class=\"a-price-symbol\">$</span><span class=\"a-price-whole\">559<span class=\"a-price-decimal\">\u0000</span></span><span class=\"a-price-fraction\">00</span></span></span>\n                                \n                                \n                            \n                        \n                    \n                    </td>\n                \n                    <td class=\"comparison_sim_items_column comparable_item3\">\n                    \n                        \n                        \n                        \n                            \n                                \n                                    <span class=\"a-price\" data-a-size=\"l\" data-a-color=\"base\"><span class=\"a-offscreen\">$213.99</span><span aria-hidden=\"true\"><span class=\"a-price-symbol\">$</span><span class=\"a-price-whole\">213<span class=\"a-price-decimal\">\u0000</span></span><span class=\"a-price-fraction\">99</span></span></span>\n                                \n                                \n                            \n                        \n                    \n                    </td>\n                \n                    <td class=\"comparison_sim_items_column comparable_item4\">\n                    \n                        \n                        \n                        \n                            \n                                \n                                    <span class=\"a-price\" data-a-size=\"l\" data-a-color=\"base\"><span class=\"a-offscreen\">$184.34</span><span aria-hidden=\"true\"><span class=\"a-price-symbol\">$</span><span class=\"a-price-whole\">184<span class=\"a-price-decimal\">\u0000</span></span><span class=\"a-price-fraction\">34</span></span></span>\n                                \n                                \n                            \n                        \n                    \n                    </td>\n                \n            </tr>\n\n\n    \n                <tr id=\"comparison_shipping_info_row\">\n                    <th class=\"comparison_attribute_name_column comparison_table_first_col\" role=\"rowheader\">\n                        <span class=\"a-size-base a-color-base\">Shipping</span>\n                    </th>\n\n    \n                    <td class=\"comparison_baseitem_column\">\n                        \n                            \n                            \n                            \n                                <span class=\"a-size-base a-color-base\">Eligible for FREE Shipping</span>\n                            \n                            \n                            \n                            \n                            \n                        \n                    </td>\n\n    \n                    \n                        <td class=\"comparison_sim_items_column comparable_item0\">\n                            \n                                \n                                \n                                    <span class=\"a-size-base a-color-base\">Eligible for FREE Shipping</span>\n                                \n                                \n                                \n                                \n                                \n                            \n                        </td>\n                    \n                        <td class=\"comparison_sim_items_column comparable_item1\">\n                            \n                                \n                                \n                                    <span class=\"a-size-base a-color-base\">Eligible for FREE Shipping</span>\n                                \n                                \n                                \n                                \n                                \n                            \n                        </td>\n                    \n                        <td class=\"comparison_sim_items_column comparable_item2\">\n                            \n                                \n                                \n                                    <span class=\"a-size-base a-color-base\">Eligible for FREE Shipping</span>\n                                \n                                \n                                \n                                \n                                \n                            \n                        </td>\n                    \n                        <td class=\"comparison_sim_items_column comparable_item3\">\n                            \n                                \n                                \n                                    <span class=\"a-size-base a-color-base\">Eligible for FREE Shipping</span>\n                                \n                                \n                                \n                                \n                                \n                            \n                        </td>\n                    \n                        <td class=\"comparison_sim_items_column comparable_item4\">\n                            \n                                \n                                \n                                    <span class=\"a-size-base a-color-base\">Eligible for FREE Shipping</span>\n                                \n                                \n                                \n                                \n                                \n                            \n                        </td>\n                    \n                </tr>\n\n\n\n            <tr id=\"comparison_sold_by_row\">\n                <th class=\"comparison_attribute_name_column comparison_table_first_col\" role=\"rowheader\">\n                    <span class=\"a-size-base a-color-base\">Sold By</span>\n                </th>\n\n  \n                <td class=\"comparison_baseitem_column\">\n                    \n                        \n                        \n                        \n                            <a class=\"a-spacing-top-small a-link-normal\" target=\"_self\" rel=\"noopener\" href=\"/gp/help/seller/at-a-glance.html/ref=psdc_2230642011_s0_B00153CUVS?ie=UTF8&amp;seller=A2NZNDWIGEAQV0\">Jarboys Outdoors & Marine Supplies -AUTHORIZED</a>\n                        \n                     \n                </td>\n\n\n                \n                    <td class=\"comparison_sim_items_column comparable_item0\">\n                         \n                            \n                                <span class=\"a-size-base a-color-base\">Amazon.com</span>\n                            \n                         \n                         \n                     </td>\n                \n                    <td class=\"comparison_sim_items_column comparable_item1\">\n                         \n                            \n                                <span class=\"a-size-base a-color-base\">Amazon.com</span>\n                            \n                         \n                         \n                     </td>\n                \n                    <td class=\"comparison_sim_items_column comparable_item2\">\n                         \n                            \n                         \n                             <a class=\"a-spacing-top-small a-link-normal\" target=\"_self\" rel=\"noopener\" href=\"/gp/help/seller/at-a-glance.html/ref=psdc_2230642011_s3_B00153CUVS?ie=UTF8&amp;seller=A1SK9IS6JDBCLC&amp;isAmazonFulfilled=1\">Giandel</a>\n                         \n                         \n                     </td>\n                \n                    <td class=\"comparison_sim_items_column comparable_item3\">\n                         \n                            \n                         \n                             <a class=\"a-spacing-top-small a-link-normal\" target=\"_self\" rel=\"noopener\" href=\"/gp/help/seller/at-a-glance.html/ref=psdc_2230642011_s4_B00153CUVS?ie=UTF8&amp;seller=A2VHGGOHXF24LJ&amp;isAmazonFulfilled=1\">Inverters-R-US</a>\n                         \n                         \n                     </td>\n                \n                    <td class=\"comparison_sim_items_column comparable_item4\">\n                         \n                            \n                                <span class=\"a-size-base a-color-base\">Amazon.com</span>\n                            \n                         \n                         \n                     </td>\n                \n             </tr>\n\n\n            \n                <tr>\n                    <th class=\"a-span3 comparison_attribute_name_column comparison_table_first_col\" role=\"rowheader\">\n                        <span class=\"a-size-base a-color-base\">Color</span>\n                    </th>\n                    \n\n                    <td class=\"comparison_baseitem_column\">\n                     \n                        \n                            \n                            \n                                 <span class=\"a-size-base a-color-base\">Yellow</span>\n                            \n                        \n                    </td>\n\n\n                    \n                        <td class=\"comparison_sim_items_column comparable_item0\">\n                            \n                            \n                            \n                               \n                                  \n                                  \n                                      <span class=\"a-size-base a-color-base\">Blue</span>\n                                  \n                               \n                        </td>\n                    \n                        <td class=\"comparison_sim_items_column comparable_item1\">\n                            \n                            \n                            \n                               \n                                  \n                                  \n                                      <span class=\"a-size-base a-color-base\">Blue</span>\n                                  \n                               \n                        </td>\n                    \n                        <td class=\"comparison_sim_items_column comparable_item2\">\n                            \n                            \n                            \n                               \n                                  \n                                  \n                                      <span class=\"a-size-base a-color-base\">silver</span>\n                                  \n                               \n                        </td>\n                    \n                        <td class=\"comparison_sim_items_column comparable_item3\">\n                            \n                            \n                            \n                               \n                                  \n                                  \n                                      <span class=\"a-size-base a-color-base\">Blue</span>\n                                  \n                               \n                        </td>\n                    \n                        <td class=\"comparison_sim_items_column comparable_item4\">\n                            \n                            \n                            \n                               \n                                  \n                                  \n                                      <span class=\"a-size-base a-color-base\">Yellow</span>\n                                  \n                               \n                        </td>\n                    \n                </tr>\n            \n                <tr>\n                    <th class=\"a-span3 comparison_attribute_name_column comparison_table_first_col\" role=\"rowheader\">\n                        <span class=\"a-size-base a-color-base\">Item Dimensions</span>\n                    </th>\n                    \n\n                    <td class=\"comparison_baseitem_column\">\n                     \n                        \n                            \n                            \n                                 <span class=\"a-size-base a-color-base\">16.6 x 8.2 x 6.5 in</span>\n                            \n                        \n                    </td>\n\n\n                    \n                        <td class=\"comparison_sim_items_column comparable_item0\">\n                            \n                            \n                            \n                               \n                                  \n                                  \n                                      <span class=\"a-size-base a-color-base\">22.5 x 10.5 x 5.5 in</span>\n                                  \n                               \n                        </td>\n                    \n                        <td class=\"comparison_sim_items_column comparable_item1\">\n                            \n                            \n                            \n                               \n                                  \n                                  \n                                      <span class=\"a-size-base a-color-base\">27.5 x 12.25 x 9 in</span>\n                                  \n                               \n                        </td>\n                    \n                        <td class=\"comparison_sim_items_column comparable_item2\">\n                            \n                            \n                            \n                               \n                                  \n                                  \n                                      <span class=\"a-size-base a-color-base\">18.9 x 7.8 x 6.1 in</span>\n                                  \n                               \n                        </td>\n                    \n                        <td class=\"comparison_sim_items_column comparable_item3\">\n                            \n                            \n                            \n                               \n                                  \n                                  \n                                      <span class=\"a-size-base a-color-base\">14 x 10 x 6 in</span>\n                                  \n                               \n                        </td>\n                    \n                        <td class=\"comparison_sim_items_column comparable_item4\">\n                            \n                            \n                            \n                               \n                                  \n                                  \n                                      <span class=\"a-size-base a-color-base\">11.75 x 8 x 5 in</span>\n                                  \n                               \n                        </td>\n                    \n                </tr>\n            \n                <tr>\n                    <th class=\"a-span3 comparison_attribute_name_column comparison_table_first_col\" role=\"rowheader\">\n                        <span class=\"a-size-base a-color-base\">Light Source Type</span>\n                    </th>\n                    \n\n                    <td class=\"comparison_baseitem_column\">\n                     \n                        \n                            \n                            \n                                 <span class=\"a-size-base a-color-base\">LED</span>\n                            \n                        \n                    </td>\n\n\n                    \n                        <td class=\"comparison_sim_items_column comparable_item0\">\n                            \n                            \n                            \n                               \n                                  \n                                      <span class=\"a-color-secondary\"></span>\n                                  \n                                  \n                               \n                        </td>\n                    \n                        <td class=\"comparison_sim_items_column comparable_item1\">\n                            \n                            \n                            \n                               \n                                  \n                                      <span class=\"a-color-secondary\"></span>\n                                  \n                                  \n                               \n                        </td>\n                    \n                        <td class=\"comparison_sim_items_column comparable_item2\">\n                            \n                            \n                            \n                               \n                                  \n                                      <span class=\"a-color-secondary\"></span>\n                                  \n                                  \n                               \n                        </td>\n                    \n                        <td class=\"comparison_sim_items_column comparable_item3\">\n                            \n                            \n                            \n                               \n                                  \n                                      <span class=\"a-color-secondary\"></span>\n                                  \n                                  \n                               \n                        </td>\n                    \n                        <td class=\"comparison_sim_items_column comparable_item4\">\n                            \n                            \n                            \n                               \n                                  \n                                  \n                                      <span class=\"a-size-base a-color-base\">LED</span>\n                                  \n                               \n                        </td>\n                    \n                </tr>\n            \n                <tr>\n                    <th class=\"a-span3 comparison_attribute_name_column comparison_table_first_col\" role=\"rowheader\">\n                        <span class=\"a-size-base a-color-base\">Style Name</span>\n                    </th>\n                    \n\n                    <td class=\"comparison_baseitem_column\">\n                     \n                        \n                            \n                                 <span class=\"a-color-secondary\"></span>\n                            \n                            \n                        \n                    </td>\n\n\n                    \n                        <td class=\"comparison_sim_items_column comparable_item0\">\n                            \n                            \n                            \n                               \n                                  \n                                  \n                                      <span class=\"a-size-base a-color-base\">Non-UL</span>\n                                  \n                               \n                        </td>\n                    \n                        <td class=\"comparison_sim_items_column comparable_item1\">\n                            \n                            \n                            \n                               \n                                  \n                                  \n                                      <span class=\"a-size-base a-color-base\">6000W</span>\n                                  \n                               \n                        </td>\n                    \n                        <td class=\"comparison_sim_items_column comparable_item2\">\n                            \n                            \n                            \n                               \n                                  \n                                  \n                                      <span class=\"a-size-base a-color-base\">4000Watts 24V Pure Sine Wave</span>\n                                  \n                               \n                        </td>\n                    \n                        <td class=\"comparison_sim_items_column comparable_item3\">\n                            \n                            \n                            \n                               \n                                  \n                                  \n                                      <span class=\"a-size-base a-color-base\">1000 watts with Remote Switch</span>\n                                  \n                               \n                        </td>\n                    \n                        <td class=\"comparison_sim_items_column comparable_item4\">\n                            \n                            \n                            \n                               \n                                  \n                                      <span class=\"a-color-secondary\"></span>\n                                  \n                                  \n                               \n                        </td>\n                    \n                </tr>\n            \n       ",
  "date": "July 7, 2004",
  "price": "$849.95",
  "asin": "B00153CUVS"
}
