{
  "category": [
    "Clothing, Shoes & Jewelry",
    "Women",
    "Clothing",
    "Tops, Tees & Blouses",
    "Blouses & Button-Down Shirts",
    "Import",
    "Versatile Occasions - Great for Daily,Casual,I am sure you will like it! ",
    "Black Friday Cyber Monday Christmas Loose Blouse V-Neck Blouse Solid Color Blouse Sling Blouse Fashion Blouse Cool Blouse Vintage Blouse Popular Blouse Fun Blouse Sexy Blouse Lace Vest Blouse Wild Bl ouse Sleeveless Blouse Lace Blouse closure",
    "Printing Vest Rose Blouse Velvet Shirt Couple Blouse Elegant Blouse Long Sleeve Blouse Lace Vest Printed Blouse High Low Hem Blouse Top Short Sleeve Blouses  Hollow Clothing Casual Shirts Out Shoulder Blouse Three Quarter Sleeve Shirts Chiffon Blouse Floral Printed Button Shirt Stailored Blouse Button Blouse Crew Neck Blouse Zip Blouse Cheap Blouse Expensive  Blouse Discount Blouse Box Pattern Blouse Twill Fabric Blouse Straight Blouse Rolling Blouse Crimping Blouse Leaf Blouse Sling Blouse",
    "Shawl Blouse Transparent Blouse Crepe Blouse Rayon Blouse Stretch  Blouse Embroidered Blouse Tie Up Blouse Bow Blouse Thick Blouse Exquisite Blouse Off Shoulder Blouse Couple Blouse Stitching Harness Rose Blouse Letter Blouse Slim Blouse Halter Blouse Oblique Blouse Fea ther Blouse Pullover Tops Easter Mothers Day Flag Day Independence Day Holiday Hot Pink Outfits For Women Chiffon Blouse Velvet Cardigan Blouses For Women Fashion 2018 Hoodie",
    "poker t shirts fishing t  shirts tee shirts for guys mens blue t shirt as t shirts womens t shirts casual shirts for men tee shirt maker nice shirts for guys military t shirts witty t shirts biker t shirts olive green shirt mens  beer shirts t shirt transfers polyester t shirts army t shirt custom made tee shirts men's a shirts offensive t shirts bob marley t shirts hanes t shirts kids t shirts nice mens t shirts make your own sh irt t shirt making website t shirt logo",
    "ladies tops tops for women off the shoulder tops long tops tunic tops going out tops cute tops trendy tops lace top long tops for women party tops cotton tops b louses for women womens shirts cute tops for women summer tops dressy tops halter top tunic tops for women shoulderless tops women tops online black tops for women white top ladies long tops black top ha lter neck tops strapless top tops online long shirts for women summer tops for women red top lace tops for women long tops",
    "online designer tops sleeveless tops long sleeve tops one shoulder tops ladie s tops online ladies blouse basic tops white shirt womens chiffon tops pink top ladies summer tops trendy tops for women burgundy top women's shirts black and white top"
  ],
  "tech1": "",
  "description": [
    "( =^ ^=) 1.It is made of high quality materials,durable enought for your daily wearing<br>(=^ ^=) 2.Stylish and fashion design make you more attractive<br>(=^ ^=) 3.Perfect Match with your favorite shorts, leggings, black slacks, denim jeans, etc<br>(=^ ^=) 4.Great for Daily,Casual,I am sure you will like it! <br><br>(=^ ^=) If you would like to know more products of our store, please pay close attention t o <b>Ninasill</b> <br><br>Loose Blouse V-Neck Blouse Solid Color Blouse Sling Blouse Fashion Blouse Cool Blouse Vintage Blouse Popular Blouse Fun Blouse Sexy Blouse Lace Vest Blouse Wild <br>Blouse Sleev eless Blouse Lace Blouse Lace Stitching Blouse Sweaters T-Shirts Men Blouse Women Blouse Girls Blouse Boys Blouse Kid Blouse Adult Blouse Children Blouse Printing Vest Rose Blouse Velvet Shirt Couple Blo use Elegant Blouse Long <br>Sleeve Blouse Lace Vest Printed Blouse High Low Hem Blouse Top Short Sleeve Blouses Hollow Clothing V-Collar Vest Casual Shirts Out Shoulder Blouse Three Quarter Sleeve Shirts  Chiffon Blouse Floral Printed Button Shirts"
  ],
  "fit": "",
  "title": "Women Blouse, Ninasill Hooded Sweatshirt Coat Winter Warm Wool Zipper Pockets Cotton Coat Outwear",
  "also_buy": [
    
  ],
  "image": [
    "https:/ /images-na.ssl-images-amazon.com/images/I/41FcdYMol2L._SX38_SY50_CR,0,0,38,50_.jpg",
    "https://images-na.ssl-images-amazon.com/images/I/51ul8a%2B-IjL._SX38_SY50_CR,0,0,38,50_.jpg",
    "https://images-na.ssl- images-amazon.com/images/I/51zLLlGLEHL._SX38_SY50_CR,0,0,38,50_.jpg",
    "https://images-na.ssl-images-amazon.com/images/I/515CIhAjPIL._SX38_SY50_CR,0,0,38,50_.jpg"
  ],
  "tech2": "",
  "brand": "Ninasill_Blouse",
  "feature": [
    "Import",
    "Versatile Occasions - Great for Daily,Casual,I am sure you will like it!",
    "Black Friday Cyber Monday Christmas Loose Blouse V-Neck Blouse Solid Color Blouse Sling Blouse Fashion  Blouse Cool Blouse Vintage Blouse Popular Blouse Fun Blouse Sexy Blouse Lace Vest Blouse Wild Blouse Sleeveless Blouse Lace Blouse closure",
    "Printing Vest Rose Blouse Velvet Shirt Couple Blouse Elegant  Blouse Long Sleeve Blouse Lace Vest Printed Blouse High Low Hem Blouse Top Short Sleeve Blouses Hollow Clothing Casual Shirts Out Shoulder Blouse Three Quarter Sleeve Shirts Chiffon Blouse Floral Printe d Button Shirt Stailored Blouse Button Blouse Crew Neck Blouse Zip Blouse Cheap Blouse Expensive Blouse Discount Blouse Box Pattern Blouse Twill Fabric Blouse Straight Blouse Rolling Blouse Crimping Blou se Leaf Blouse Sling Blouse",
    "Shawl Blouse Transparent Blouse Crepe Blouse Rayon Blouse Stretch Blouse Embroidered Blouse Tie Up Blouse Bow Blouse Thick Blouse Exquisite Blouse Off Shoulder Blouse Coupl e Blouse Stitching Harness Rose Blouse Letter Blouse Slim Blouse Halter Blouse Oblique Blouse Feather Blouse Pullover Tops Easter Mothers Day Flag Day Independence Day Holiday Hot Pink Outfits For Women  Chiffon Blouse Velvet Cardigan Blouses For Women Fashion 2018 Hoodie",
    "poker t shirts fishing t shirts tee shirts for guys mens blue t shirt as t shirts womens t shirts casual shirts for men tee shirt m aker nice shirts for guys military t shirts witty t shirts biker t shirts olive green shirt mens beer shirts t shirt transfers polyester t shirts army t shirt custom made tee shirts men's a shirts offens ive t shirts bob marley t shirts hanes t shirts kids t shirts nice mens t shirts make your own shirt t shirt making website t shirt logo",
    "ladies tops tops for women off the shoulder tops long tops tuni c tops going out tops cute tops trendy tops lace top long tops for women party tops cotton tops blouses for women womens shirts cute tops for women summer tops dressy tops halter top tunic tops for women  shoulderless tops women tops online black tops for women white top ladies long tops black top halter neck tops strapless top tops online long shirts for women summer tops for women red top lace tops for  women long tops",
    "online designer tops sleeveless tops long sleeve tops one shoulder tops ladies tops online ladies blouse basic tops white shirt womens chiffon tops pink top ladies summer tops trendy  tops for women burgundy top women's shirts black and white top",
    "<span class=\"a-text-bold\">Shipping Weight:\n                    </span>\n                    <span>12.8 ounces (<a href='https://www.am azon.com/gp/help/seller/shipping.html/ref=dp_pd_shipping?_encoding=UTF8&amp;seller=&amp;asin=B07KS5RY2B'>View shipping rates and policies</a>)</span>",
    "<span class=\"a-text-bold\">ASIN:\n                     </span>\n                    <span>B07KS5RY2B</span>",
    "",
    "<span class=\"a-text-bold\">Item model number:\n                    </span>\n                    <span>ZC-1004</span>",
    "<span class=\"a-t ext-bold\">Date first listed on Amazon:\n                    </span>\n                    <span>November 22, 2018</span>",
    "<span class=\"a-text-bold\">\n                    Average Customer Review:\n                 </span>\n                \n\n\n\n\n<style type=\"text/css\">\n    /* \n    * Fix for UDP-1061. Average customer reviews has a small extra line on hover \n    * https://omni-grok.amazon.com/x ref/src/appgroup/websiteTemplates/retail/SoftlinesDetailPageAssets/udp-intl-lock/src/legacy.css?indexName=WebsiteTemplates#40\n    */\n    .noUnderline a:hover { \n        text-decoration: none; \n    }\n</style>\n\n\n\n    \n    \n    \n    \n        \n\n        \n\n        \n        \n        \n        \n\t\t\n\t\t\n\t\t\n\t\t\n\t\t        \n\t\t\n\t\t\n\t\t\n\t\t\n\t\t\n\t\t\n\t\t\n\t\t        \n         \n\n        <div id=\"detailBullets_averageCustomerReviews\" class=\"a-spacing-none\" data-asin=\"B07KS5RY2B\" data-ref=\"dpx_acr_pop_\" >\n            \n            \n            \n                \n                    \n\n\n\n\n\n\n\n    \n    \n        \n            \n                <a id=\"acrCustomerWriteReviewLink\" class=\"a-link-normal reviewCountSolicit\" href=\"/review/create-review/ref=d px_acr_wr_link?asin=B07KS5RY2B\">\n                    <span id=\"acrCustomerWriteReviewText\" class=\"a-size-base\">Be the first to review this item</span>\n                </a>\n            \n        \n    \n\n                \n                \n            \n        </div>"
  ],
  "rank": [
    
  ],
  "also_view": [
    
  ],
  "details": {
    
  },
  "main_cat": "Movies & TV",
  "similar_item": "",
  "date": "<div class=\"a-fixed-left- grid a-spacing-none\"><div class=\"a-fixed-left-grid-inner\" style=\"padding-left:280px\"><div class=\"a-fixed-left-grid-col a-col-left\" style=\"width:280px;margin-left:-280px;float:left;\"><span class= \"a-declarative\" data-action=\"reviews:filter-action:push-state\" data-reviews:filter-action:push-state=\"{&quot;scrollToSelector&quot;:&quot;#reviews-filter-info&quot;,&quot;allowLinkDefault&quot;:&quo t;1&quot;}\"><table id=\"histogramTable\" class=\"a-normal a-align-middle a-spacing-base\" role=\"presentation\"><tr class=\"a-histogram-row\"><td class=\"aok-nowrap\"><span aria-hidden=\"true\" class=\" a-size-base\">5 star</span><span class=\"a-offscreen\">5 star (0%)</span><span class=\"a-letter-space\"></span>",
  "price": "$9.99 - $12.50",
  "asin": "6305121869"
}
